{
"response": {
"version": "0.1",
"termsofService": "http://www.wunderground.com/weather/api/d/terms.html",
"features": {
"hourly": 1
}
},
"hourly_forecast": [
{
"FCTTIME": {
"hour": "11",
"hour_padded": "11",
"min": "00",
"sec": "0",
"year": "2012",
"mon": "7",
"mon_padded": "07",
"mon_abbrev": "Jul",
"mday": "3",
"mday_padded": "03",
"yday": "184",
"isdst": "1",
"epoch": "1341338400",
"pretty": "11:00 AM PDT on July 03, 2012",
"civil": "11:00 AM",
"month_name": "July",
"month_name_abbrev": "Jul",
"weekday_name": "Tuesday",
"weekday_name_night": "Tuesday Night",
"weekday_name_abbrev": "Tue",
"weekday_name_unlang": "Tuesday",
"weekday_name_night_unlang": "Tuesday Night",
"ampm": "AM",
"tz": "",
"age": ""
},
"temp": {
"english": "66",
"metric": "19"
},
"dewpoint": {
"english": "55",
"metric": "13"
},
"condition": "Clear",
"icon": "clear",
"icon_url": "http://icons-ak.wxug.com/i/c/k/clear.gif",
"fctcode": "1",
"sky": "22",
"wspd": {
"english": "5",
"metric": "8"
},
"wdir": {
"dir": "West",
"degrees": "260"
},
"wx": "",
"uvi": "6",
"humidity": "65",
"windchill": {
"english": "-9998",
"metric": "-9998"
},
"heatindex": {
"english": "-9998",
"metric": "-9998"
},
"feelslike": {
"english": "66",
"metric": "19"
},
"qpf": {
"english": "0.00",
"metric": "0.00"
},
"snow": {
"english": "0.00",
"metric": "0.00"
},
"pop": "0",
"mslp": {
"english": "29.90",
"metric": "1012"
}
},
{
"FCTTIME": {
"hour": "12",
"hour_padded": "12",
"min": "00",
"sec": "0",
"year": "2012",
"mon": "7",
"mon_padded": "07",
"mon_abbrev": "Jul",
"mday": "3",
"mday_padded": "03",
"yday": "184",
"isdst": "1",
"epoch": "1341342000",
"pretty": "12:00 PM PDT on July 03, 2012",
"civil": "12:00 PM",
"month_name": "July",
"month_name_abbrev": "Jul",
"weekday_name": "Tuesday",
"weekday_name_night": "Tuesday Night",
"weekday_name_abbrev": "Tue",
"weekday_name_unlang": "Tuesday",
"weekday_name_night_unlang": "Tuesday Night",
"ampm": "PM",
"tz": "",
"age": ""
},
"temp": {
"english": "67",
"metric": "19"
},
"dewpoint": {
"english": "55",
"metric": "13"
},
"condition": "Clear",
"icon": "clear",
"icon_url": "http://icons-ak.wxug.com/i/c/k/clear.gif",
"fctcode": "1",
"sky": "22",
"wspd": {
"english": "9",
"metric": "14"
},
"wdir": {
"dir": "West",
"degrees": "260"
},
"wx": "",
"uvi": "6",
"humidity": "64",
"windchill": {
"english": "-9998",
"metric": "-9998"
},
"heatindex": {
"english": "-9998",
"metric": "-9998"
},
"feelslike": {
"english": "67",
"metric": "19"
},
"qpf": {
"english": "",
"metric": ""
},
"snow": {
"english": "",
"metric": ""
},
"pop": "0",
"mslp": {
"english": "29.90",
"metric": "1012"
}
},
{
"FCTTIME": {
"hour": "13",
"hour_padded": "13",
"min": "00",
"sec": "0",
"year": "2012",
"mon": "7",
"mon_padded": "07",
"mon_abbrev": "Jul",
"mday": "3",
"mday_padded": "03",
"yday": "184",
"isdst": "1",
"epoch": "1341345600",
"pretty": "1:00 PM PDT on July 03, 2012",
"civil": "1:00 PM",
"month_name": "July",
"month_name_abbrev": "Jul",
"weekday_name": "Tuesday",
"weekday_name_night": "Tuesday Night",
"weekday_name_abbrev": "Tue",
"weekday_name_unlang": "Tuesday",
"weekday_name_night_unlang": "Tuesday Night",
"ampm": "PM",
"tz": "",
"age": ""
},
"temp": {
"english": "67",
"metric": "20"
},
"dewpoint": {
"english": "55",
"metric": "13"
},
"condition": "Clear",
"icon": "clear",
"icon_url": "http://icons-ak.wxug.com/i/c/k/clear.gif",
"fctcode": "1",
"sky": "22",
"wspd": {
"english": "13",
"metric": "21"
},
"wdir": {
"dir": "West",
"degrees": "260"
},
"wx": "",
"uvi": "6",
"humidity": "63",
"windchill": {
"english": "-9998",
"metric": "-9998"
},
"heatindex": {
"english": "-9998",
"metric": "-9998"
},
"feelslike": {
"english": "67",
"metric": "20"
},
"qpf": {
"english": "",
"metric": ""
},
"snow": {
"english": "",
"metric": ""
},
"pop": "0",
"mslp": {
"english": "29.90",
"metric": "1012"
}
},
{
"FCTTIME": {
"hour": "14",
"hour_padded": "14",
"min": "00",
"sec": "0",
"year": "2012",
"mon": "7",
"mon_padded": "07",
"mon_abbrev": "Jul",
"mday": "3",
"mday_padded": "03",
"yday": "184",
"isdst": "1",
"epoch": "1341349200",
"pretty": "2:00 PM PDT on July 03, 2012",
"civil": "2:00 PM",
"month_name": "July",
"month_name_abbrev": "Jul",
"weekday_name": "Tuesday",
"weekday_name_night": "Tuesday Night",
"weekday_name_abbrev": "Tue",
"weekday_name_unlang": "Tuesday",
"weekday_name_night_unlang": "Tuesday Night",
"ampm": "PM",
"tz": "",
"age": ""
},
"temp": {
"english": "68",
"metric": "20"
},
"dewpoint": {
"english": "55",
"metric": "13"
},
"condition": "Clear",
"icon": "clear",
"icon_url": "http://icons-ak.wxug.com/i/c/k/clear.gif",
"fctcode": "1",
"sky": "22",
"wspd": {
"english": "17",
"metric": "27"
},
"wdir": {
"dir": "WSW",
"degrees": "255"
},
"wx": "",
"uvi": "7",
"humidity": "62",
"windchill": {
"english": "-9998",
"metric": "-9998"
},
"heatindex": {
"english": "-9998",
"metric": "-9998"
},
"feelslike": {
"english": "68",
"metric": "20"
},
"qpf": {
"english": "0.00",
"metric": "0.00"
},
"snow": {
"english": "",
"metric": ""
},
"pop": "0",
"mslp": {
"english": "29.87",
"metric": "1011"
}
},
{
"FCTTIME": {
"hour": "15",
"hour_padded": "15",
"min": "00",
"sec": "0",
"year": "2012",
"mon": "7",
"mon_padded": "07",
"mon_abbrev": "Jul",
"mday": "3",
"mday_padded": "03",
"yday": "184",
"isdst": "1",
"epoch": "1341352800",
"pretty": "3:00 PM PDT on July 03, 2012",
"civil": "3:00 PM",
"month_name": "July",
"month_name_abbrev": "Jul",
"weekday_name": "Tuesday",
"weekday_name_night": "Tuesday Night",
"weekday_name_abbrev": "Tue",
"weekday_name_unlang": "Tuesday",
"weekday_name_night_unlang": "Tuesday Night",
"ampm": "PM",
"tz": "",
"age": ""
},
"temp": {
"english": "68",
"metric": "20"
},
"dewpoint": {
"english": "55",
"metric": "13"
},
"condition": "Clear",
"icon": "clear",
"icon_url": "http://icons-ak.wxug.com/i/c/k/clear.gif",
"fctcode": "1",
"sky": "22",
"wspd": {
"english": "17",
"metric": "27"
},
"wdir": {
"dir": "WSW",
"degrees": "255"
},
"wx": "",
"uvi": "7",
"humidity": "62",
"windchill": {
"english": "-9998",
"metric": "-9998"
},
"heatindex": {
"english": "-9998",
"metric": "-9998"
},
"feelslike": {
"english": "68",
"metric": "20"
},
"qpf": {
"english": "",
"metric": ""
},
"snow": {
"english": "",
"metric": ""
},
"pop": "0",
"mslp": {
"english": "29.87",
"metric": "1011"
}
},
{
"FCTTIME": {
"hour": "16",
"hour_padded": "16",
"min": "00",
"sec": "0",
"year": "2012",
"mon": "7",
"mon_padded": "07",
"mon_abbrev": "Jul",
"mday": "3",
"mday_padded": "03",
"yday": "184",
"isdst": "1",
"epoch": "1341356400",
"pretty": "4:00 PM PDT on July 03, 2012",
"civil": "4:00 PM",
"month_name": "July",
"month_name_abbrev": "Jul",
"weekday_name": "Tuesday",
"weekday_name_night": "Tuesday Night",
"weekday_name_abbrev": "Tue",
"weekday_name_unlang": "Tuesday",
"weekday_name_night_unlang": "Tuesday Night",
"ampm": "PM",
"tz": "",
"age": ""
},
"temp": {
"english": "68",
"metric": "20"
},
"dewpoint": {
"english": "55",
"metric": "13"
},
"condition": "Clear",
"icon": "clear",
"icon_url": "http://icons-ak.wxug.com/i/c/k/clear.gif",
"fctcode": "1",
"sky": "22",
"wspd": {
"english": "17",
"metric": "27"
},
"wdir": {
"dir": "WSW",
"degrees": "255"
},
"wx": "",
"uvi": "7",
"humidity": "63",
"windchill": {
"english": "-9998",
"metric": "-9998"
},
"heatindex": {
"english": "-9998",
"metric": "-9998"
},
"feelslike": {
"english": "68",
"metric": "20"
},
"qpf": {
"english": "",
"metric": ""
},
"snow": {
"english": "",
"metric": ""
},
"pop": "0",
"mslp": {
"english": "29.87",
"metric": "1011"
}
},
{
"FCTTIME": {
"hour": "17",
"hour_padded": "17",
"min": "00",
"sec": "0",
"year": "2012",
"mon": "7",
"mon_padded": "07",
"mon_abbrev": "Jul",
"mday": "3",
"mday_padded": "03",
"yday": "184",
"isdst": "1",
"epoch": "1341360000",
"pretty": "5:00 PM PDT on July 03, 2012",
"civil": "5:00 PM",
"month_name": "July",
"month_name_abbrev": "Jul",
"weekday_name": "Tuesday",
"weekday_name_night": "Tuesday Night",
"weekday_name_abbrev": "Tue",
"weekday_name_unlang": "Tuesday",
"weekday_name_night_unlang": "Tuesday Night",
"ampm": "PM",
"tz": "",
"age": ""
},
"temp": {
"english": "68",
"metric": "20"
},
"dewpoint": {
"english": "55",
"metric": "13"
},
"condition": "Clear",
"icon": "clear",
"icon_url": "http://icons-ak.wxug.com/i/c/k/clear.gif",
"fctcode": "1",
"sky": "4",
"wspd": {
"english": "17",
"metric": "27"
},
"wdir": {
"dir": "WSW",
"degrees": "247"
},
"wx": "",
"uvi": "0",
"humidity": "63",
"windchill": {
"english": "-9998",
"metric": "-9998"
},
"heatindex": {
"english": "-9998",
"metric": "-9998"
},
"feelslike": {
"english": "68",
"metric": "20"
},
"qpf": {
"english": "0.00",
"metric": "0.00"
},
"snow": {
"english": "0.00",
"metric": "0.00"
},
"pop": "0",
"mslp": {
"english": "29.82",
"metric": "1009"
}
},
{
"FCTTIME": {
"hour": "18",
"hour_padded": "18",
"min": "00",
"sec": "0",
"year": "2012",
"mon": "7",
"mon_padded": "07",
"mon_abbrev": "Jul",
"mday": "3",
"mday_padded": "03",
"yday": "184",
"isdst": "1",
"epoch": "1341363600",
"pretty": "6:00 PM PDT on July 03, 2012",
"civil": "6:00 PM",
"month_name": "July",
"month_name_abbrev": "Jul",
"weekday_name": "Tuesday",
"weekday_name_night": "Tuesday Night",
"weekday_name_abbrev": "Tue",
"weekday_name_unlang": "Tuesday",
"weekday_name_night_unlang": "Tuesday Night",
"ampm": "PM",
"tz": "",
"age": ""
},
"temp": {
"english": "67",
"metric": "20"
},
"dewpoint": {
"english": "55",
"metric": "13"
},
"condition": "Clear",
"icon": "clear",
"icon_url": "http://icons-ak.wxug.com/i/c/k/clear.gif",
"fctcode": "1",
"sky": "4",
"wspd": {
"english": "15",
"metric": "24"
},
"wdir": {
"dir": "WSW",
"degrees": "247"
},
"wx": "",
"uvi": "0",
"humidity": "63",
"windchill": {
"english": "-9998",
"metric": "-9998"
},
"heatindex": {
"english": "-9998",
"metric": "-9998"
},
"feelslike": {
"english": "67",
"metric": "20"
},
"qpf": {
"english": "",
"metric": ""
},
"snow": {
"english": "",
"metric": ""
},
"pop": "0",
"mslp": {
"english": "29.82",
"metric": "1009"
}
},
{
"FCTTIME": {
"hour": "19",
"hour_padded": "19",
"min": "00",
"sec": "0",
"year": "2012",
"mon": "7",
"mon_padded": "07",
"mon_abbrev": "Jul",
"mday": "3",
"mday_padded": "03",
"yday": "184",
"isdst": "1",
"epoch": "1341367200",
"pretty": "7:00 PM PDT on July 03, 2012",
"civil": "7:00 PM",
"month_name": "July",
"month_name_abbrev": "Jul",
"weekday_name": "Tuesday",
"weekday_name_night": "Tuesday Night",
"weekday_name_abbrev": "Tue",
"weekday_name_unlang": "Tuesday",
"weekday_name_night_unlang": "Tuesday Night",
"ampm": "PM",
"tz": "",
"age": ""
},
"temp": {
"english": "67",
"metric": "19"
},
"dewpoint": {
"english": "54",
"metric": "12"
},
"condition": "Clear",
"icon": "clear",
"icon_url": "http://icons-ak.wxug.com/i/c/k/clear.gif",
"fctcode": "1",
"sky": "4",
"wspd": {
"english": "13",
"metric": "21"
},
"wdir": {
"dir": "WSW",
"degrees": "247"
},
"wx": "",
"uvi": "0",
"humidity": "62",
"windchill": {
"english": "-9998",
"metric": "-9998"
},
"heatindex": {
"english": "-9998",
"metric": "-9998"
},
"feelslike": {
"english": "67",
"metric": "19"
},
"qpf": {
"english": "",
"metric": ""
},
"snow": {
"english": "",
"metric": ""
},
"pop": "0",
"mslp": {
"english": "29.82",
"metric": "1009"
}
},
{
"FCTTIME": {
"hour": "20",
"hour_padded": "20",
"min": "00",
"sec": "0",
"year": "2012",
"mon": "7",
"mon_padded": "07",
"mon_abbrev": "Jul",
"mday": "3",
"mday_padded": "03",
"yday": "184",
"isdst": "1",
"epoch": "1341370800",
"pretty": "8:00 PM PDT on July 03, 2012",
"civil": "8:00 PM",
"month_name": "July",
"month_name_abbrev": "Jul",
"weekday_name": "Tuesday",
"weekday_name_night": "Tuesday Night",
"weekday_name_abbrev": "Tue",
"weekday_name_unlang": "Tuesday",
"weekday_name_night_unlang": "Tuesday Night",
"ampm": "PM",
"tz": "",
"age": ""
},
"temp": {
"english": "66",
"metric": "19"
},
"dewpoint": {
"english": "54",
"metric": "12"
},
"condition": "Clear",
"icon": "clear",
"icon_url": "http://icons-ak.wxug.com/i/c/k/clear.gif",
"fctcode": "1",
"sky": "4",
"wspd": {
"english": "11",
"metric": "18"
},
"wdir": {
"dir": "WSW",
"degrees": "248"
},
"wx": "",
"uvi": "0",
"humidity": "62",
"windchill": {
"english": "-9998",
"metric": "-9998"
},
"heatindex": {
"english": "-9998",
"metric": "-9998"
},
"feelslike": {
"english": "66",
"metric": "19"
},
"qpf": {
"english": "0.00",
"metric": "0.00"
},
"snow": {
"english": "",
"metric": ""
},
"pop": "0",
"mslp": {
"english": "29.81",
"metric": "1009"
}
},
{
"FCTTIME": {
"hour": "21",
"hour_padded": "21",
"min": "00",
"sec": "0",
"year": "2012",
"mon": "7",
"mon_padded": "07",
"mon_abbrev": "Jul",
"mday": "3",
"mday_padded": "03",
"yday": "184",
"isdst": "1",
"epoch": "1341374400",
"pretty": "9:00 PM PDT on July 03, 2012",
"civil": "9:00 PM",
"month_name": "July",
"month_name_abbrev": "Jul",
"weekday_name": "Tuesday",
"weekday_name_night": "Tuesday Night",
"weekday_name_abbrev": "Tue",
"weekday_name_unlang": "Tuesday",
"weekday_name_night_unlang": "Tuesday Night",
"ampm": "PM",
"tz": "",
"age": ""
},
"temp": {
"english": "63",
"metric": "17"
},
"dewpoint": {
"english": "53",
"metric": "12"
},
"condition": "Clear",
"icon": "clear",
"icon_url": "http://icons-ak.wxug.com/i/c/k/nt_clear.gif",
"fctcode": "1",
"sky": "4",
"wspd": {
"english": "10",
"metric": "17"
},
"wdir": {
"dir": "WSW",
"degrees": "248"
},
"wx": "",
"uvi": "0",
"humidity": "68",
"windchill": {
"english": "-9998",
"metric": "-9998"
},
"heatindex": {
"english": "-9998",
"metric": "-9998"
},
"feelslike": {
"english": "63",
"metric": "17"
},
"qpf": {
"english": "",
"metric": ""
},
"snow": {
"english": "",
"metric": ""
},
"pop": "0",
"mslp": {
"english": "29.81",
"metric": "1009"
}
},
{
"FCTTIME": {
"hour": "22",
"hour_padded": "22",
"min": "00",
"sec": "0",
"year": "2012",
"mon": "7",
"mon_padded": "07",
"mon_abbrev": "Jul",
"mday": "3",
"mday_padded": "03",
"yday": "184",
"isdst": "1",
"epoch": "1341378000",
"pretty": "10:00 PM PDT on July 03, 2012",
"civil": "10:00 PM",
"month_name": "July",
"month_name_abbrev": "Jul",
"weekday_name": "Tuesday",
"weekday_name_night": "Tuesday Night",
"weekday_name_abbrev": "Tue",
"weekday_name_unlang": "Tuesday",
"weekday_name_night_unlang": "Tuesday Night",
"ampm": "PM",
"tz": "",
"age": ""
},
"temp": {
"english": "60",
"metric": "16"
},
"dewpoint": {
"english": "53",
"metric": "11"
},
"condition": "Clear",
"icon": "clear",
"icon_url": "http://icons-ak.wxug.com/i/c/k/nt_clear.gif",
"fctcode": "1",
"sky": "4",
"wspd": {
"english": "10",
"metric": "15"
},
"wdir": {
"dir": "WSW",
"degrees": "248"
},
"wx": "",
"uvi": "0",
"humidity": "75",
"windchill": {
"english": "-9998",
"metric": "-9998"
},
"heatindex": {
"english": "-9998",
"metric": "-9998"
},
"feelslike": {
"english": "60",
"metric": "16"
},
"qpf": {
"english": "",
"metric": ""
},
"snow": {
"english": "",
"metric": ""
},
"pop": "0",
"mslp": {
"english": "29.81",
"metric": "1009"
}
},
{
"FCTTIME": {
"hour": "23",
"hour_padded": "23",
"min": "00",
"sec": "0",
"year": "2012",
"mon": "7",
"mon_padded": "07",
"mon_abbrev": "Jul",
"mday": "3",
"mday_padded": "03",
"yday": "184",
"isdst": "1",
"epoch": "1341381600",
"pretty": "11:00 PM PDT on July 03, 2012",
"civil": "11:00 PM",
"month_name": "July",
"month_name_abbrev": "Jul",
"weekday_name": "Tuesday",
"weekday_name_night": "Tuesday Night",
"weekday_name_abbrev": "Tue",
"weekday_name_unlang": "Tuesday",
"weekday_name_night_unlang": "Tuesday Night",
"ampm": "PM",
"tz": "",
"age": ""
},
"temp": {
"english": "57",
"metric": "14"
},
"dewpoint": {
"english": "52",
"metric": "11"
},
"condition": "Mostly Cloudy",
"icon": "mostlycloudy",
"icon_url": "http://icons-ak.wxug.com/i/c/k/nt_mostlycloudy.gif",
"fctcode": "3",
"sky": "87",
"wspd": {
"english": "9",
"metric": "14"
},
"wdir": {
"dir": "SSW",
"degrees": "211"
},
"wx": "",
"uvi": "0",
"humidity": "81",
"windchill": {
"english": "-9998",
"metric": "-9998"
},
"heatindex": {
"english": "-9998",
"metric": "-9998"
},
"feelslike": {
"english": "57",
"metric": "14"
},
"qpf": {
"english": "0.00",
"metric": "0.00"
},
"snow": {
"english": "0.00",
"metric": "0.00"
},
"pop": "0",
"mslp": {
"english": "29.84",
"metric": "1010"
}
},
{
"FCTTIME": {
"hour": "0",
"hour_padded": "00",
"min": "00",
"sec": "0",
"year": "2012",
"mon": "7",
"mon_padded": "07",
"mon_abbrev": "Jul",
"mday": "4",
"mday_padded": "04",
"yday": "185",
"isdst": "1",
"epoch": "1341385200",
"pretty": "12:00 AM PDT on July 04, 2012",
"civil": "12:00 AM",
"month_name": "July",
"month_name_abbrev": "Jul",
"weekday_name": "Wednesday",
"weekday_name_night": "Wednesday Night",
"weekday_name_abbrev": "Wed",
"weekday_name_unlang": "Wednesday",
"weekday_name_night_unlang": "Wednesday Night",
"ampm": "AM",
"tz": "",
"age": ""
},
"temp": {
"english": "57",
"metric": "14"
},
"dewpoint": {
"english": "52",
"metric": "11"
},
"condition": "Mostly Cloudy",
"icon": "mostlycloudy",
"icon_url": "http://icons-ak.wxug.com/i/c/k/nt_mostlycloudy.gif",
"fctcode": "3",
"sky": "87",
"wspd": {
"english": "9",
"metric": "14"
},
"wdir": {
"dir": "SSW",
"degrees": "211"
},
"wx": "",
"uvi": "0",
"humidity": "81",
"windchill": {
"english": "-9998",
"metric": "-9998"
},
"heatindex": {
"english": "-9998",
"metric": "-9998"
},
"feelslike": {
"english": "57",
"metric": "14"
},
"qpf": {
"english": "",
"metric": ""
},
"snow": {
"english": "",
"metric": ""
},
"pop": "0",
"mslp": {
"english": "29.84",
"metric": "1010"
}
},
{
"FCTTIME": {
"hour": "1",
"hour_padded": "01",
"min": "00",
"sec": "0",
"year": "2012",
"mon": "7",
"mon_padded": "07",
"mon_abbrev": "Jul",
"mday": "4",
"mday_padded": "04",
"yday": "185",
"isdst": "1",
"epoch": "1341388800",
"pretty": "1:00 AM PDT on July 04, 2012",
"civil": "1:00 AM",
"month_name": "July",
"month_name_abbrev": "Jul",
"weekday_name": "Wednesday",
"weekday_name_night": "Wednesday Night",
"weekday_name_abbrev": "Wed",
"weekday_name_unlang": "Wednesday",
"weekday_name_night_unlang": "Wednesday Night",
"ampm": "AM",
"tz": "",
"age": ""
},
"temp": {
"english": "57",
"metric": "14"
},
"dewpoint": {
"english": "52",
"metric": "11"
},
"condition": "Mostly Cloudy",
"icon": "mostlycloudy",
"icon_url": "http://icons-ak.wxug.com/i/c/k/nt_mostlycloudy.gif",
"fctcode": "3",
"sky": "87",
"wspd": {
"english": "9",
"metric": "14"
},
"wdir": {
"dir": "SSW",
"degrees": "211"
},
"wx": "",
"uvi": "0",
"humidity": "80",
"windchill": {
"english": "-9998",
"metric": "-9998"
},
"heatindex": {
"english": "-9998",
"metric": "-9998"
},
"feelslike": {
"english": "57",
"metric": "14"
},
"qpf": {
"english": "",
"metric": ""
},
"snow": {
"english": "",
"metric": ""
},
"pop": "0",
"mslp": {
"english": "29.84",
"metric": "1010"
}
},
{
"FCTTIME": {
"hour": "2",
"hour_padded": "02",
"min": "00",
"sec": "0",
"year": "2012",
"mon": "7",
"mon_padded": "07",
"mon_abbrev": "Jul",
"mday": "4",
"mday_padded": "04",
"yday": "185",
"isdst": "1",
"epoch": "1341392400",
"pretty": "2:00 AM PDT on July 04, 2012",
"civil": "2:00 AM",
"month_name": "July",
"month_name_abbrev": "Jul",
"weekday_name": "Wednesday",
"weekday_name_night": "Wednesday Night",
"weekday_name_abbrev": "Wed",
"weekday_name_unlang": "Wednesday",
"weekday_name_night_unlang": "Wednesday Night",
"ampm": "AM",
"tz": "",
"age": ""
},
"temp": {
"english": "57",
"metric": "14"
},
"dewpoint": {
"english": "52",
"metric": "11"
},
"condition": "Mostly Cloudy",
"icon": "mostlycloudy",
"icon_url": "http://icons-ak.wxug.com/i/c/k/nt_mostlycloudy.gif",
"fctcode": "3",
"sky": "87",
"wspd": {
"english": "9",
"metric": "14"
},
"wdir": {
"dir": "SSW",
"degrees": "210"
},
"wx": "",
"uvi": "0",
"humidity": "80",
"windchill": {
"english": "-9998",
"metric": "-9998"
},
"heatindex": {
"english": "-9998",
"metric": "-9998"
},
"feelslike": {
"english": "57",
"metric": "14"
},
"qpf": {
"english": "0.00",
"metric": "0.00"
},
"snow": {
"english": "",
"metric": ""
},
"pop": "0",
"mslp": {
"english": "29.81",
"metric": "1009"
}
},
{
"FCTTIME": {
"hour": "3",
"hour_padded": "03",
"min": "00",
"sec": "0",
"year": "2012",
"mon": "7",
"mon_padded": "07",
"mon_abbrev": "Jul",
"mday": "4",
"mday_padded": "04",
"yday": "185",
"isdst": "1",
"epoch": "1341396000",
"pretty": "3:00 AM PDT on July 04, 2012",
"civil": "3:00 AM",
"month_name": "July",
"month_name_abbrev": "Jul",
"weekday_name": "Wednesday",
"weekday_name_night": "Wednesday Night",
"weekday_name_abbrev": "Wed",
"weekday_name_unlang": "Wednesday",
"weekday_name_night_unlang": "Wednesday Night",
"ampm": "AM",
"tz": "",
"age": ""
},
"temp": {
"english": "56",
"metric": "14"
},
"dewpoint": {
"english": "51",
"metric": "11"
},
"condition": "Mostly Cloudy",
"icon": "mostlycloudy",
"icon_url": "http://icons-ak.wxug.com/i/c/k/nt_mostlycloudy.gif",
"fctcode": "3",
"sky": "87",
"wspd": {
"english": "9",
"metric": "14"
},
"wdir": {
"dir": "SSW",
"degrees": "210"
},
"wx": "",
"uvi": "0",
"humidity": "80",
"windchill": {
"english": "-9998",
"metric": "-9998"
},
"heatindex": {
"english": "-9998",
"metric": "-9998"
},
"feelslike": {
"english": "56",
"metric": "14"
},
"qpf": {
"english": "",
"metric": ""
},
"snow": {
"english": "",
"metric": ""
},
"pop": "0",
"mslp": {
"english": "29.81",
"metric": "1009"
}
},
{
"FCTTIME": {
"hour": "4",
"hour_padded": "04",
"min": "00",
"sec": "0",
"year": "2012",
"mon": "7",
"mon_padded": "07",
"mon_abbrev": "Jul",
"mday": "4",
"mday_padded": "04",
"yday": "185",
"isdst": "1",
"epoch": "1341399600",
"pretty": "4:00 AM PDT on July 04, 2012",
"civil": "4:00 AM",
"month_name": "July",
"month_name_abbrev": "Jul",
"weekday_name": "Wednesday",
"weekday_name_night": "Wednesday Night",
"weekday_name_abbrev": "Wed",
"weekday_name_unlang": "Wednesday",
"weekday_name_night_unlang": "Wednesday Night",
"ampm": "AM",
"tz": "",
"age": ""
},
"temp": {
"english": "56",
"metric": "13"
},
"dewpoint": {
"english": "51",
"metric": "10"
},
"condition": "Mostly Cloudy",
"icon": "mostlycloudy",
"icon_url": "http://icons-ak.wxug.com/i/c/k/nt_mostlycloudy.gif",
"fctcode": "3",
"sky": "87",
"wspd": {
"english": "8",
"metric": "13"
},
"wdir": {
"dir": "SSW",
"degrees": "210"
},
"wx": "",
"uvi": "0",
"humidity": "80",
"windchill": {
"english": "-9998",
"metric": "-9998"
},
"heatindex": {
"english": "-9998",
"metric": "-9998"
},
"feelslike": {
"english": "56",
"metric": "13"
},
"qpf": {
"english": "",
"metric": ""
},
"snow": {
"english": "",
"metric": ""
},
"pop": "0",
"mslp": {
"english": "29.81",
"metric": "1009"
}
},
{
"FCTTIME": {
"hour": "5",
"hour_padded": "05",
"min": "00",
"sec": "0",
"year": "2012",
"mon": "7",
"mon_padded": "07",
"mon_abbrev": "Jul",
"mday": "4",
"mday_padded": "04",
"yday": "185",
"isdst": "1",
"epoch": "1341403200",
"pretty": "5:00 AM PDT on July 04, 2012",
"civil": "5:00 AM",
"month_name": "July",
"month_name_abbrev": "Jul",
"weekday_name": "Wednesday",
"weekday_name_night": "Wednesday Night",
"weekday_name_abbrev": "Wed",
"weekday_name_unlang": "Wednesday",
"weekday_name_night_unlang": "Wednesday Night",
"ampm": "AM",
"tz": "",
"age": ""
},
"temp": {
"english": "55",
"metric": "13"
},
"dewpoint": {
"english": "50",
"metric": "10"
},
"condition": "Mostly Cloudy",
"icon": "mostlycloudy",
"icon_url": "http://icons-ak.wxug.com/i/c/k/nt_mostlycloudy.gif",
"fctcode": "3",
"sky": "85",
"wspd": {
"english": "8",
"metric": "13"
},
"wdir": {
"dir": "SSW",
"degrees": "202"
},
"wx": "",
"uvi": "0",
"humidity": "80",
"windchill": {
"english": "-9998",
"metric": "-9998"
},
"heatindex": {
"english": "-9998",
"metric": "-9998"
},
"feelslike": {
"english": "55",
"metric": "13"
},
"qpf": {
"english": "0.00",
"metric": "0.00"
},
"snow": {
"english": "0.00",
"metric": "0.00"
},
"pop": "0",
"mslp": {
"english": "29.80",
"metric": "1009"
}
},
{
"FCTTIME": {
"hour": "6",
"hour_padded": "06",
"min": "00",
"sec": "0",
"year": "2012",
"mon": "7",
"mon_padded": "07",
"mon_abbrev": "Jul",
"mday": "4",
"mday_padded": "04",
"yday": "185",
"isdst": "1",
"epoch": "1341406800",
"pretty": "6:00 AM PDT on July 04, 2012",
"civil": "6:00 AM",
"month_name": "July",
"month_name_abbrev": "Jul",
"weekday_name": "Wednesday",
"weekday_name_night": "Wednesday Night",
"weekday_name_abbrev": "Wed",
"weekday_name_unlang": "Wednesday",
"weekday_name_night_unlang": "Wednesday Night",
"ampm": "AM",
"tz": "",
"age": ""
},
"temp": {
"english": "56",
"metric": "14"
},
"dewpoint": {
"english": "51",
"metric": "10"
},
"condition": "Mostly Cloudy",
"icon": "mostlycloudy",
"icon_url": "http://icons-ak.wxug.com/i/c/k/mostlycloudy.gif",
"fctcode": "3",
"sky": "85",
"wspd": {
"english": "8",
"metric": "13"
},
"wdir": {
"dir": "SSW",
"degrees": "202"
},
"wx": "",
"uvi": "0",
"humidity": "80",
"windchill": {
"english": "-9998",
"metric": "-9998"
},
"heatindex": {
"english": "-9998",
"metric": "-9998"
},
"feelslike": {
"english": "56",
"metric": "14"
},
"qpf": {
"english": "",
"metric": ""
},
"snow": {
"english": "",
"metric": ""
},
"pop": "0",
"mslp": {
"english": "29.80",
"metric": "1009"
}
},
{
"FCTTIME": {
"hour": "7",
"hour_padded": "07",
"min": "00",
"sec": "0",
"year": "2012",
"mon": "7",
"mon_padded": "07",
"mon_abbrev": "Jul",
"mday": "4",
"mday_padded": "04",
"yday": "185",
"isdst": "1",
"epoch": "1341410400",
"pretty": "7:00 AM PDT on July 04, 2012",
"civil": "7:00 AM",
"month_name": "July",
"month_name_abbrev": "Jul",
"weekday_name": "Wednesday",
"weekday_name_night": "Wednesday Night",
"weekday_name_abbrev": "Wed",
"weekday_name_unlang": "Wednesday",
"weekday_name_night_unlang": "Wednesday Night",
"ampm": "AM",
"tz": "",
"age": ""
},
"temp": {
"english": "58",
"metric": "14"
},
"dewpoint": {
"english": "51",
"metric": "11"
},
"condition": "Mostly Cloudy",
"icon": "mostlycloudy",
"icon_url": "http://icons-ak.wxug.com/i/c/k/mostlycloudy.gif",
"fctcode": "3",
"sky": "85",
"wspd": {
"english": "8",
"metric": "13"
},
"wdir": {
"dir": "SSW",
"degrees": "202"
},
"wx": "",
"uvi": "0",
"humidity": "80",
"windchill": {
"english": "-9998",
"metric": "-9998"
},
"heatindex": {
"english": "-9998",
"metric": "-9998"
},
"feelslike": {
"english": "58",
"metric": "14"
},
"qpf": {
"english": "",
"metric": ""
},
"snow": {
"english": "",
"metric": ""
},
"pop": "0",
"mslp": {
"english": "29.80",
"metric": "1009"
}
},
{
"FCTTIME": {
"hour": "8",
"hour_padded": "08",
"min": "00",
"sec": "0",
"year": "2012",
"mon": "7",
"mon_padded": "07",
"mon_abbrev": "Jul",
"mday": "4",
"mday_padded": "04",
"yday": "185",
"isdst": "1",
"epoch": "1341414000",
"pretty": "8:00 AM PDT on July 04, 2012",
"civil": "8:00 AM",
"month_name": "July",
"month_name_abbrev": "Jul",
"weekday_name": "Wednesday",
"weekday_name_night": "Wednesday Night",
"weekday_name_abbrev": "Wed",
"weekday_name_unlang": "Wednesday",
"weekday_name_night_unlang": "Wednesday Night",
"ampm": "AM",
"tz": "",
"age": ""
},
"temp": {
"english": "59",
"metric": "15"
},
"dewpoint": {
"english": "52",
"metric": "11"
},
"condition": "Mostly Cloudy",
"icon": "mostlycloudy",
"icon_url": "http://icons-ak.wxug.com/i/c/k/mostlycloudy.gif",
"fctcode": "3",
"sky": "85",
"wspd": {
"english": "8",
"metric": "13"
},
"wdir": {
"dir": "SSW",
"degrees": "203"
},
"wx": "",
"uvi": "1",
"humidity": "80",
"windchill": {
"english": "-9998",
"metric": "-9998"
},
"heatindex": {
"english": "-9998",
"metric": "-9998"
},
"feelslike": {
"english": "59",
"metric": "15"
},
"qpf": {
"english": "0.00",
"metric": "0.00"
},
"snow": {
"english": "",
"metric": ""
},
"pop": "0",
"mslp": {
"english": "29.82",
"metric": "1009"
}
},
{
"FCTTIME": {
"hour": "9",
"hour_padded": "09",
"min": "00",
"sec": "0",
"year": "2012",
"mon": "7",
"mon_padded": "07",
"mon_abbrev": "Jul",
"mday": "4",
"mday_padded": "04",
"yday": "185",
"isdst": "1",
"epoch": "1341417600",
"pretty": "9:00 AM PDT on July 04, 2012",
"civil": "9:00 AM",
"month_name": "July",
"month_name_abbrev": "Jul",
"weekday_name": "Wednesday",
"weekday_name_night": "Wednesday Night",
"weekday_name_abbrev": "Wed",
"weekday_name_unlang": "Wednesday",
"weekday_name_night_unlang": "Wednesday Night",
"ampm": "AM",
"tz": "",
"age": ""
},
"temp": {
"english": "63",
"metric": "17"
},
"dewpoint": {
"english": "53",
"metric": "11"
},
"condition": "Mostly Cloudy",
"icon": "mostlycloudy",
"icon_url": "http://icons-ak.wxug.com/i/c/k/mostlycloudy.gif",
"fctcode": "3",
"sky": "85",
"wspd": {
"english": "9",
"metric": "15"
},
"wdir": {
"dir": "SSW",
"degrees": "203"
},
"wx": "",
"uvi": "1",
"humidity": "71",
"windchill": {
"english": "-9998",
"metric": "-9998"
},
"heatindex": {
"english": "-9998",
"metric": "-9998"
},
"feelslike": {
"english": "63",
"metric": "17"
},
"qpf": {
"english": "",
"metric": ""
},
"snow": {
"english": "",
"metric": ""
},
"pop": "0",
"mslp": {
"english": "29.82",
"metric": "1009"
}
},
{
"FCTTIME": {
"hour": "10",
"hour_padded": "10",
"min": "00",
"sec": "0",
"year": "2012",
"mon": "7",
"mon_padded": "07",
"mon_abbrev": "Jul",
"mday": "4",
"mday_padded": "04",
"yday": "185",
"isdst": "1",
"epoch": "1341421200",
"pretty": "10:00 AM PDT on July 04, 2012",
"civil": "10:00 AM",
"month_name": "July",
"month_name_abbrev": "Jul",
"weekday_name": "Wednesday",
"weekday_name_night": "Wednesday Night",
"weekday_name_abbrev": "Wed",
"weekday_name_unlang": "Wednesday",
"weekday_name_night_unlang": "Wednesday Night",
"ampm": "AM",
"tz": "",
"age": ""
},
"temp": {
"english": "68",
"metric": "20"
},
"dewpoint": {
"english": "53",
"metric": "12"
},
"condition": "Mostly Cloudy",
"icon": "mostlycloudy",
"icon_url": "http://icons-ak.wxug.com/i/c/k/mostlycloudy.gif",
"fctcode": "3",
"sky": "85",
"wspd": {
"english": "11",
"metric": "17"
},
"wdir": {
"dir": "SSW",
"degrees": "203"
},
"wx": "",
"uvi": "1",
"humidity": "63",
"windchill": {
"english": "-9998",
"metric": "-9998"
},
"heatindex": {
"english": "-9998",
"metric": "-9998"
},
"feelslike": {
"english": "68",
"metric": "20"
},
"qpf": {
"english": "",
"metric": ""
},
"snow": {
"english": "",
"metric": ""
},
"pop": "0",
"mslp": {
"english": "29.82",
"metric": "1009"
}
},
{
"FCTTIME": {
"hour": "11",
"hour_padded": "11",
"min": "00",
"sec": "0",
"year": "2012",
"mon": "7",
"mon_padded": "07",
"mon_abbrev": "Jul",
"mday": "4",
"mday_padded": "04",
"yday": "185",
"isdst": "1",
"epoch": "1341424800",
"pretty": "11:00 AM PDT on July 04, 2012",
"civil": "11:00 AM",
"month_name": "July",
"month_name_abbrev": "Jul",
"weekday_name": "Wednesday",
"weekday_name_night": "Wednesday Night",
"weekday_name_abbrev": "Wed",
"weekday_name_unlang": "Wednesday",
"weekday_name_night_unlang": "Wednesday Night",
"ampm": "AM",
"tz": "",
"age": ""
},
"temp": {
"english": "72",
"metric": "22"
},
"dewpoint": {
"english": "54",
"metric": "12"
},
"condition": "Clear",
"icon": "clear",
"icon_url": "http://icons-ak.wxug.com/i/c/k/clear.gif",
"fctcode": "1",
"sky": "20",
"wspd": {
"english": "12",
"metric": "19"
},
"wdir": {
"dir": "SW",
"degrees": "231"
},
"wx": "",
"uvi": "6",
"humidity": "54",
"windchill": {
"english": "-9998",
"metric": "-9998"
},
"heatindex": {
"english": "-9998",
"metric": "-9998"
},
"feelslike": {
"english": "72",
"metric": "22"
},
"qpf": {
"english": "0.00",
"metric": "0.00"
},
"snow": {
"english": "0.00",
"metric": "0.00"
},
"pop": "0",
"mslp": {
"english": "29.84",
"metric": "1010"
}
},
{
"FCTTIME": {
"hour": "12",
"hour_padded": "12",
"min": "00",
"sec": "0",
"year": "2012",
"mon": "7",
"mon_padded": "07",
"mon_abbrev": "Jul",
"mday": "4",
"mday_padded": "04",
"yday": "185",
"isdst": "1",
"epoch": "1341428400",
"pretty": "12:00 PM PDT on July 04, 2012",
"civil": "12:00 PM",
"month_name": "July",
"month_name_abbrev": "Jul",
"weekday_name": "Wednesday",
"weekday_name_night": "Wednesday Night",
"weekday_name_abbrev": "Wed",
"weekday_name_unlang": "Wednesday",
"weekday_name_night_unlang": "Wednesday Night",
"ampm": "PM",
"tz": "",
"age": ""
},
"temp": {
"english": "71",
"metric": "21"
},
"dewpoint": {
"english": "54",
"metric": "12"
},
"condition": "Clear",
"icon": "clear",
"icon_url": "http://icons-ak.wxug.com/i/c/k/clear.gif",
"fctcode": "1",
"sky": "20",
"wspd": {
"english": "13",
"metric": "21"
},
"wdir": {
"dir": "SW",
"degrees": "231"
},
"wx": "",
"uvi": "6",
"humidity": "56",
"windchill": {
"english": "-9998",
"metric": "-9998"
},
"heatindex": {
"english": "-9998",
"metric": "-9998"
},
"feelslike": {
"english": "71",
"metric": "21"
},
"qpf": {
"english": "",
"metric": ""
},
"snow": {
"english": "",
"metric": ""
},
"pop": "0",
"mslp": {
"english": "29.84",
"metric": "1010"
}
},
{
"FCTTIME": {
"hour": "13",
"hour_padded": "13",
"min": "00",
"sec": "0",
"year": "2012",
"mon": "7",
"mon_padded": "07",
"mon_abbrev": "Jul",
"mday": "4",
"mday_padded": "04",
"yday": "185",
"isdst": "1",
"epoch": "1341432000",
"pretty": "1:00 PM PDT on July 04, 2012",
"civil": "1:00 PM",
"month_name": "July",
"month_name_abbrev": "Jul",
"weekday_name": "Wednesday",
"weekday_name_night": "Wednesday Night",
"weekday_name_abbrev": "Wed",
"weekday_name_unlang": "Wednesday",
"weekday_name_night_unlang": "Wednesday Night",
"ampm": "PM",
"tz": "",
"age": ""
},
"temp": {
"english": "69",
"metric": "21"
},
"dewpoint": {
"english": "54",
"metric": "12"
},
"condition": "Clear",
"icon": "clear",
"icon_url": "http://icons-ak.wxug.com/i/c/k/clear.gif",
"fctcode": "1",
"sky": "20",
"wspd": {
"english": "14",
"metric": "22"
},
"wdir": {
"dir": "SW",
"degrees": "231"
},
"wx": "",
"uvi": "6",
"humidity": "59",
"windchill": {
"english": "-9998",
"metric": "-9998"
},
"heatindex": {
"english": "-9998",
"metric": "-9998"
},
"feelslike": {
"english": "69",
"metric": "21"
},
"qpf": {
"english": "",
"metric": ""
},
"snow": {
"english": "",
"metric": ""
},
"pop": "0",
"mslp": {
"english": "29.84",
"metric": "1010"
}
},
{
"FCTTIME": {
"hour": "14",
"hour_padded": "14",
"min": "00",
"sec": "0",
"year": "2012",
"mon": "7",
"mon_padded": "07",
"mon_abbrev": "Jul",
"mday": "4",
"mday_padded": "04",
"yday": "185",
"isdst": "1",
"epoch": "1341435600",
"pretty": "2:00 PM PDT on July 04, 2012",
"civil": "2:00 PM",
"month_name": "July",
"month_name_abbrev": "Jul",
"weekday_name": "Wednesday",
"weekday_name_night": "Wednesday Night",
"weekday_name_abbrev": "Wed",
"weekday_name_unlang": "Wednesday",
"weekday_name_night_unlang": "Wednesday Night",
"ampm": "PM",
"tz": "",
"age": ""
},
"temp": {
"english": "68",
"metric": "20"
},
"dewpoint": {
"english": "54",
"metric": "12"
},
"condition": "Clear",
"icon": "clear",
"icon_url": "http://icons-ak.wxug.com/i/c/k/clear.gif",
"fctcode": "1",
"sky": "20",
"wspd": {
"english": "15",
"metric": "24"
},
"wdir": {
"dir": "WSW",
"degrees": "237"
},
"wx": "",
"uvi": "7",
"humidity": "61",
"windchill": {
"english": "-9998",
"metric": "-9998"
},
"heatindex": {
"english": "-9998",
"metric": "-9998"
},
"feelslike": {
"english": "68",
"metric": "20"
},
"qpf": {
"english": "0.00",
"metric": "0.00"
},
"snow": {
"english": "",
"metric": ""
},
"pop": "0",
"mslp": {
"english": "29.83",
"metric": "1010"
}
},
{
"FCTTIME": {
"hour": "15",
"hour_padded": "15",
"min": "00",
"sec": "0",
"year": "2012",
"mon": "7",
"mon_padded": "07",
"mon_abbrev": "Jul",
"mday": "4",
"mday_padded": "04",
"yday": "185",
"isdst": "1",
"epoch": "1341439200",
"pretty": "3:00 PM PDT on July 04, 2012",
"civil": "3:00 PM",
"month_name": "July",
"month_name_abbrev": "Jul",
"weekday_name": "Wednesday",
"weekday_name_night": "Wednesday Night",
"weekday_name_abbrev": "Wed",
"weekday_name_unlang": "Wednesday",
"weekday_name_night_unlang": "Wednesday Night",
"ampm": "PM",
"tz": "",
"age": ""
},
"temp": {
"english": "67",
"metric": "20"
},
"dewpoint": {
"english": "54",
"metric": "12"
},
"condition": "Clear",
"icon": "clear",
"icon_url": "http://icons-ak.wxug.com/i/c/k/clear.gif",
"fctcode": "1",
"sky": "20",
"wspd": {
"english": "14",
"metric": "22"
},
"wdir": {
"dir": "WSW",
"degrees": "237"
},
"wx": "",
"uvi": "7",
"humidity": "62",
"windchill": {
"english": "-9998",
"metric": "-9998"
},
"heatindex": {
"english": "-9998",
"metric": "-9998"
},
"feelslike": {
"english": "67",
"metric": "20"
},
"qpf": {
"english": "",
"metric": ""
},
"snow": {
"english": "",
"metric": ""
},
"pop": "0",
"mslp": {
"english": "29.83",
"metric": "1010"
}
},
{
"FCTTIME": {
"hour": "16",
"hour_padded": "16",
"min": "00",
"sec": "0",
"year": "2012",
"mon": "7",
"mon_padded": "07",
"mon_abbrev": "Jul",
"mday": "4",
"mday_padded": "04",
"yday": "185",
"isdst": "1",
"epoch": "1341442800",
"pretty": "4:00 PM PDT on July 04, 2012",
"civil": "4:00 PM",
"month_name": "July",
"month_name_abbrev": "Jul",
"weekday_name": "Wednesday",
"weekday_name_night": "Wednesday Night",
"weekday_name_abbrev": "Wed",
"weekday_name_unlang": "Wednesday",
"weekday_name_night_unlang": "Wednesday Night",
"ampm": "PM",
"tz": "",
"age": ""
},
"temp": {
"english": "67",
"metric": "19"
},
"dewpoint": {
"english": "54",
"metric": "12"
},
"condition": "Clear",
"icon": "clear",
"icon_url": "http://icons-ak.wxug.com/i/c/k/clear.gif",
"fctcode": "1",
"sky": "20",
"wspd": {
"english": "13",
"metric": "21"
},
"wdir": {
"dir": "WSW",
"degrees": "237"
},
"wx": "",
"uvi": "7",
"humidity": "64",
"windchill": {
"english": "-9998",
"metric": "-9998"
},
"heatindex": {
"english": "-9998",
"metric": "-9998"
},
"feelslike": {
"english": "67",
"metric": "19"
},
"qpf": {
"english": "",
"metric": ""
},
"snow": {
"english": "",
"metric": ""
},
"pop": "0",
"mslp": {
"english": "29.83",
"metric": "1010"
}
},
{
"FCTTIME": {
"hour": "17",
"hour_padded": "17",
"min": "00",
"sec": "0",
"year": "2012",
"mon": "7",
"mon_padded": "07",
"mon_abbrev": "Jul",
"mday": "4",
"mday_padded": "04",
"yday": "185",
"isdst": "1",
"epoch": "1341446400",
"pretty": "5:00 PM PDT on July 04, 2012",
"civil": "5:00 PM",
"month_name": "July",
"month_name_abbrev": "Jul",
"weekday_name": "Wednesday",
"weekday_name_night": "Wednesday Night",
"weekday_name_abbrev": "Wed",
"weekday_name_unlang": "Wednesday",
"weekday_name_night_unlang": "Wednesday Night",
"ampm": "PM",
"tz": "",
"age": ""
},
"temp": {
"english": "66",
"metric": "19"
},
"dewpoint": {
"english": "54",
"metric": "12"
},
"condition": "Clear",
"icon": "clear",
"icon_url": "http://icons-ak.wxug.com/i/c/k/clear.gif",
"fctcode": "1",
"sky": "16",
"wspd": {
"english": "12",
"metric": "19"
},
"wdir": {
"dir": "WSW",
"degrees": "237"
},
"wx": "",
"uvi": "0",
"humidity": "65",
"windchill": {
"english": "-9998",
"metric": "-9998"
},
"heatindex": {
"english": "-9998",
"metric": "-9998"
},
"feelslike": {
"english": "66",
"metric": "19"
},
"qpf": {
"english": "0.00",
"metric": "0.00"
},
"snow": {
"english": "0.00",
"metric": "0.00"
},
"pop": "0",
"mslp": {
"english": "29.82",
"metric": "1009"
}
},
{
"FCTTIME": {
"hour": "18",
"hour_padded": "18",
"min": "00",
"sec": "0",
"year": "2012",
"mon": "7",
"mon_padded": "07",
"mon_abbrev": "Jul",
"mday": "4",
"mday_padded": "04",
"yday": "185",
"isdst": "1",
"epoch": "1341450000",
"pretty": "6:00 PM PDT on July 04, 2012",
"civil": "6:00 PM",
"month_name": "July",
"month_name_abbrev": "Jul",
"weekday_name": "Wednesday",
"weekday_name_night": "Wednesday Night",
"weekday_name_abbrev": "Wed",
"weekday_name_unlang": "Wednesday",
"weekday_name_night_unlang": "Wednesday Night",
"ampm": "PM",
"tz": "",
"age": ""
},
"temp": {
"english": "65",
"metric": "18"
},
"dewpoint": {
"english": "54",
"metric": "12"
},
"condition": "Clear",
"icon": "clear",
"icon_url": "http://icons-ak.wxug.com/i/c/k/clear.gif",
"fctcode": "1",
"sky": "16",
"wspd": {
"english": "12",
"metric": "19"
},
"wdir": {
"dir": "WSW",
"degrees": "237"
},
"wx": "",
"uvi": "0",
"humidity": "68",
"windchill": {
"english": "-9998",
"metric": "-9998"
},
"heatindex": {
"english": "-9998",
"metric": "-9998"
},
"feelslike": {
"english": "65",
"metric": "18"
},
"qpf": {
"english": "",
"metric": ""
},
"snow": {
"english": "",
"metric": ""
},
"pop": "0",
"mslp": {
"english": "29.82",
"metric": "1009"
}
},
{
"FCTTIME": {
"hour": "19",
"hour_padded": "19",
"min": "00",
"sec": "0",
"year": "2012",
"mon": "7",
"mon_padded": "07",
"mon_abbrev": "Jul",
"mday": "4",
"mday_padded": "04",
"yday": "185",
"isdst": "1",
"epoch": "1341453600",
"pretty": "7:00 PM PDT on July 04, 2012",
"civil": "7:00 PM",
"month_name": "July",
"month_name_abbrev": "Jul",
"weekday_name": "Wednesday",
"weekday_name_night": "Wednesday Night",
"weekday_name_abbrev": "Wed",
"weekday_name_unlang": "Wednesday",
"weekday_name_night_unlang": "Wednesday Night",
"ampm": "PM",
"tz": "",
"age": ""
},
"temp": {
"english": "64",
"metric": "18"
},
"dewpoint": {
"english": "54",
"metric": "12"
},
"condition": "Clear",
"icon": "clear",
"icon_url": "http://icons-ak.wxug.com/i/c/k/clear.gif",
"fctcode": "1",
"sky": "16",
"wspd": {
"english": "12",
"metric": "19"
},
"wdir": {
"dir": "WSW",
"degrees": "237"
},
"wx": "",
"uvi": "0",
"humidity": "72",
"windchill": {
"english": "-9998",
"metric": "-9998"
},
"heatindex": {
"english": "-9998",
"metric": "-9998"
},
"feelslike": {
"english": "64",
"metric": "18"
},
"qpf": {
"english": "",
"metric": ""
},
"snow": {
"english": "",
"metric": ""
},
"pop": "0",
"mslp": {
"english": "29.82",
"metric": "1009"
}
},
{
"FCTTIME": {
"hour": "20",
"hour_padded": "20",
"min": "00",
"sec": "0",
"year": "2012",
"mon": "7",
"mon_padded": "07",
"mon_abbrev": "Jul",
"mday": "4",
"mday_padded": "04",
"yday": "185",
"isdst": "1",
"epoch": "1341457200",
"pretty": "8:00 PM PDT on July 04, 2012",
"civil": "8:00 PM",
"month_name": "July",
"month_name_abbrev": "Jul",
"weekday_name": "Wednesday",
"weekday_name_night": "Wednesday Night",
"weekday_name_abbrev": "Wed",
"weekday_name_unlang": "Wednesday",
"weekday_name_night_unlang": "Wednesday Night",
"ampm": "PM",
"tz": "",
"age": ""
},
"temp": {
"english": "63",
"metric": "17"
},
"dewpoint": {
"english": "54",
"metric": "12"
},
"condition": "Clear",
"icon": "clear",
"icon_url": "http://icons-ak.wxug.com/i/c/k/clear.gif",
"fctcode": "1",
"sky": "16",
"wspd": {
"english": "12",
"metric": "19"
},
"wdir": {
"dir": "WSW",
"degrees": "237"
},
"wx": "",
"uvi": "0",
"humidity": "75",
"windchill": {
"english": "-9998",
"metric": "-9998"
},
"heatindex": {
"english": "-9998",
"metric": "-9998"
},
"feelslike": {
"english": "63",
"metric": "17"
},
"qpf": {
"english": "0.00",
"metric": "0.00"
},
"snow": {
"english": "",
"metric": ""
},
"pop": "0",
"mslp": {
"english": "29.84",
"metric": "1010"
}
},
{
"FCTTIME": {
"hour": "21",
"hour_padded": "21",
"min": "00",
"sec": "0",
"year": "2012",
"mon": "7",
"mon_padded": "07",
"mon_abbrev": "Jul",
"mday": "4",
"mday_padded": "04",
"yday": "185",
"isdst": "1",
"epoch": "1341460800",
"pretty": "9:00 PM PDT on July 04, 2012",
"civil": "9:00 PM",
"month_name": "July",
"month_name_abbrev": "Jul",
"weekday_name": "Wednesday",
"weekday_name_night": "Wednesday Night",
"weekday_name_abbrev": "Wed",
"weekday_name_unlang": "Wednesday",
"weekday_name_night_unlang": "Wednesday Night",
"ampm": "PM",
"tz": "",
"age": ""
},
"temp": {
"english": "61",
"metric": "16"
},
"dewpoint": {
"english": "54",
"metric": "12"
},
"condition": "Clear",
"icon": "clear",
"icon_url": "http://icons-ak.wxug.com/i/c/k/nt_clear.gif",
"fctcode": "1",
"sky": "16",
"wspd": {
"english": "12",
"metric": "19"
},
"wdir": {
"dir": "WSW",
"degrees": "237"
},
"wx": "",
"uvi": "0",
"humidity": "80",
"windchill": {
"english": "-9998",
"metric": "-9998"
},
"heatindex": {
"english": "-9998",
"metric": "-9998"
},
"feelslike": {
"english": "61",
"metric": "16"
},
"qpf": {
"english": "",
"metric": ""
},
"snow": {
"english": "",
"metric": ""
},
"pop": "0",
"mslp": {
"english": "29.84",
"metric": "1010"
}
},
{
"FCTTIME": {
"hour": "22",
"hour_padded": "22",
"min": "00",
"sec": "0",
"year": "2012",
"mon": "7",
"mon_padded": "07",
"mon_abbrev": "Jul",
"mday": "4",
"mday_padded": "04",
"yday": "185",
"isdst": "1",
"epoch": "1341464400",
"pretty": "10:00 PM PDT on July 04, 2012",
"civil": "10:00 PM",
"month_name": "July",
"month_name_abbrev": "Jul",
"weekday_name": "Wednesday",
"weekday_name_night": "Wednesday Night",
"weekday_name_abbrev": "Wed",
"weekday_name_unlang": "Wednesday",
"weekday_name_night_unlang": "Wednesday Night",
"ampm": "PM",
"tz": "",
"age": ""
},
"temp": {
"english": "59",
"metric": "15"
},
"dewpoint": {
"english": "54",
"metric": "12"
},
"condition": "Clear",
"icon": "clear",
"icon_url": "http://icons-ak.wxug.com/i/c/k/nt_clear.gif",
"fctcode": "1",
"sky": "16",
"wspd": {
"english": "11",
"metric": "18"
},
"wdir": {
"dir": "WSW",
"degrees": "237"
},
"wx": "",
"uvi": "0",
"humidity": "84",
"windchill": {
"english": "-9998",
"metric": "-9998"
},
"heatindex": {
"english": "-9998",
"metric": "-9998"
},
"feelslike": {
"english": "59",
"metric": "15"
},
"qpf": {
"english": "",
"metric": ""
},
"snow": {
"english": "",
"metric": ""
},
"pop": "0",
"mslp": {
"english": "29.84",
"metric": "1010"
}
}
]
}
